ID,Name,Sequence,Length,Scaffold
G1,sfGFP_Plus_v1,MSKGEELFTGVVPILVELDGDVNGHKFSVRGEGEGDATNGKLTLKFICTTGKLPVPWPTLVTTLTYGVLCFSRYPDHMKRHDFFKSAMPEGYVQERTISFKDDGTYKTRAEVKFEGDTLVNRIELKGIDFKEDGNILGHKLEYNFNPHKVYITADKQKNGIKAYFKIRHNVKDGSVQLADHYQQNTPIGNGPVLLPDNHYLSTQSVLSKDPNEKRDHMVLLEFVTAVGITHGMDELYK,238,sfGFP
G2,sfGFP_Plus_v2_TGP,MSKGEELFTGVVPILVELDGDVNGHKFSVRGEGEGDATNGKLTLKFICTTGKLPVPWPTLVTTLTYGVLCFSRYPDHMERHDFFKSAMPEGYVQERTISFKDDGTYKTRAEVKFEGDTLVNRIELKGIDFKEDGNILGHKLEYNFNSHKVYITADKQKNGIKAYFKIRHNVKDGSVQLADHYQQNTPIGDGPVLLPDNHYLSTESVLSKDPNEKRDHMVLLEFVTAAGITHGMDELYK,238,sfGFP
G3,amacGFP_Plus_v1,MSKGEELFTGIVPVLIELDGDVHGHKFSVRGEGEGDADNGKLEIKFICTTGKLPVPWPTLVTTLSYGILCFARYPEHMKMNDFFKSAMPEGYIQERTIFFQDDGKYKTRGEVKFEGDTLVNRIELKGMDFKEDGNILGHKLEYNFNSHKVYIMPDKANNGLKVNFKIRHNIKGGGVQLADHYQTNVPLGDGPVLIPINHYLSCQTAISKDRNETRDHMVFLEFFSACGHTHGMDELYK,238,amacGFP
G4,amacGFP_Plus_v2,MSKGEELFTGIVPVLIELDGDVHGHKFSVRGEGEGDADNGKLEIKFICTTGKLPVPWPTLVTTLSYGILCFARYPEHMKMNDFFKSAMPEGYIQERTIFFQDDGKYKTRGEVKFEGDTLVNRIELKGMDFKEDGNILGHKLEYNFNPHKVYIMPDKANNGLKVYFKIRHNIKGGGVQLADHYQTNVPLGNGPVLIPINHYLSCQTAISKDRNETRDHMVFLEFFSACGHTHGMDELYK,238,amacGFP
G5,amacGFP_Plus_v3_max,MSKGEELFTGIVPVLIELDGDVHGHKFSVRGEGEGDADNGKLEIKFICTTGKLPVPWPTLVTALSYGILCFARYPEHMKMNDFFKSAMPEGYIQERTIFFQDDGKYKTRGEVKFEGDTLVNRIELKGMDFKEDGNILGHKLEYNFNPHKVYIMPDKANNGLKVYFKIRHNVKGGGVQLADHYQTNVPLGNGPVLIPINHYLSCQTAISKDRNETRDHMVFLEFFSACGHTHGMDELYK,238,amacGFP
G6,ppluGFP_Opt_v1_bright,MPAMKIECRITGTLNGVEFELVGGGEGTPEQGRMTNKMKSTKGALTFEPYLLSHVMGYGFYHFGTYPSGYENPFLHAINNGGYTNTRIEKYEDGGVLHVSFSYRYEAGRVIGDFKVVETGFPEDSVIFTDKIIRSNATVEHLHPMGDNVLVGSFARTFSLRDGGYYSFVVDSHMHFKSAIHPSILQNGGPMFAFRRVEHLHSNTEEGIVEYQHAFKTPIAEA,222,ppluGFP
G7,ppluGFP_Opt_v2_surface,MPAMKIECRITGTLNGVEFELVGGGEGTPEQGRMTNKMKSTKGALTFSPYLLSHVMGYGFYHFGTYPSGYENEFLHAINNGGYTNTRIEKYEDGGVLHVSFSYRYEAGRVIGDFKVVGTGFPEDSVIFTDKIIRSNATVEHLHPMGENVLVGSFARTFSLRDGGYYSFVVDSHEHFKSAIHPSILQNGGPMFAFRRVEFLHSNTEEGIVEYQHAFKTPIAFA,222,ppluGFP
G8,cgreGFP_Opt_v1_bright,MTALTEGAKLFEKEIPYITELEGDVEGMKFIIKGEGTGDATTGTIKAKYICTTGDLPVPWATILSSLSYGVFCFAKYGRHIADFFKSTQPDGYSQDRIISFDNDGQYDVKAKVTYENGTLYNRVTVKGTGFKSNGNILGMRVLYHSPPHAVYILPDRKNGGMKIEYMVAFDEMGGGHQMARHAQFNKPLGAWEEDYPLYHHLTVWTSFGKDPDDDETDHLTIVEVIKAVDLETYR,235,cgreGFP
G9,cgreGFP_Opt_v2,MTALTEGQKLFEKEIPYITELEGDVEGMKFIIKGEGTGDATTGTIKAKYICTTGDLPVPWATILSSLSYGVFCFAKYPRHIADFFKSTQPDGYSQDRIISFDNDGQYDVKAKVTYENGTLYNRVTVKGTGFKSNGNILGMRVLYHSPPHAVYILPDRKNGGMKIEYMKAEDVMGGGHQMARHAQFNKPLGAWEEDYPLYHHLTVWTSFGKDPDDDETDHLTIVEVIKAVDLETYR,235,cgreGFP
G10,avGFP_Superfold,MSKGEELFTGVVPILVELDGDVNGHKFSVRGEGEGDATNGKLTLKFICTTGKLPVPWPTLVTTLSYGVQCFSRYPDHMKQHDFFKSAMPEGYVQERTISFKDDGTYKTRAEVKFEGDTLVNRIELKGIDFKEDGNILGHKLEYNFNSHKVYITADKQKNGIKANFKIRHNVKDGSVQLADHYQQNTPIGDGPVLLPDNHYLSTQSVLSKDPNEKRDHMVLLEFVTAAGITHGMDELYK,238,avGFP
G11,Chimera_sf_amac,MSKGEELFTGVVPILVELDGDVNGHKFSVRGEGEGDATNGKLTLKFICTTGKLPVPWPTLVTTLTYGVLCFSRYPDHMERHDFFKSAMPEGYVQERTISFKDDGTYKTRAEVKFEGDTLVNRIELKGIDFKEDGNILGHKLEYNFNPHKVYITADKQKNGIKAYFKIRHNVKDGSVQLADHYQQNTPIGNGPVLLPDNHYLSTQSVLSKDPNEKRDHMVLLEFVTAVGITHGMDELYK,238,sfGFP
